<center><h1> SQL WHERE </h1></center>

## 1. 介绍

&#160; &#160; &#160; &#160; 我们知道从 MySQL 表中使用 SQL SELECT 语句来读取数据。如需有条件地从表中选取数据，可将 WHERE 子句添加到 SELECT 语句中。

&#160; &#160; &#160; &#160;以下是 SQL SELECT 语句使用 WHERE 子句从数据表中读取数据的通用语法：


```
SELECT field1, field2,...fieldN FROM table_name1, table_name2...
[WHERE condition1 [AND [OR]] condition2.....
```

- 查询语句中你可以使用一个或者多个表，表之间使用逗号, 分割，并使用WHERE语句来设定查询条件。
- 你可以在 WHERE 子句中指定任何条件。
- 你可以使用 AND 或者 OR 指定一个或多个条件。
- WHERE 子句也可以运用于 SQL 的 DELETE 或者 UPDATE 命令。
- WHERE 子句类似于程序语言中的 if 条件，根据 MySQL 表中的字段值来读取指定的数据。

## 2. 条件操作符

&#160; &#160; &#160; &#160;在配合sql 的时候，使用的条件


操作符| 描述 
---|---
=	|等号，检测两个值是否相等，如果相等返回true	
<>, !=	|不等于，检测两个值是否相等，如果不相等返回true	
>	|大于号，检测左边的值是否大于右边的值, 如果左边的值大于右边的值返回true	
<	|小于号，检测左边的值是否小于右边的值, 如果左边的值小于右边的值返回true	
>=	|大于等于号，检测左边的值是否大于或等于右边的值, 如果左边的值大于或等于右边的值返回true	
<=	|小于等于号，检测左边的值是否小于于或等于右边的值, 如果左边的值小于或等于右边的值返回true


&#160; &#160; &#160; &#160;如果我们想在 MySQL 数据表中读取指定的数据，WHERE 子句是非常有用的。使用主键来作为 WHERE 子句的条件查询是非常快速的。如果给定的条件在表中没有任何匹配的记录，那么查询不会返回任何数据。

### 2.1 实例操作

```
mysql> select * from leco;
+------+--------+--------+------+
| id   | name   | sex    | age  |
+------+--------+--------+------+
|    1 | 张三   | female |   18 |
|    2 | 李四   | male   |   20 |
|    3 | 王五   | male   |   30 |
|    4 | 赵六   | female |   40 |
+------+--------+--------+------+
4 rows in set (0.00 sec)

mysql> select * from leco where id>2;
+------+--------+--------+------+
| id   | name   | sex    | age  |
+------+--------+--------+------+
|    3 | 王五   | male   |   30 |
|    4 | 赵六   | female |   40 |
+------+--------+--------+------+
2 rows in set (0.00 sec)

mysql> select * from leco where id<2;
+------+--------+--------+------+
| id   | name   | sex    | age  |
+------+--------+--------+------+
|    1 | 张三   | female |   18 |
+------+--------+--------+------+
1 row in set (0.00 sec)

mysql> select * from leco where id<>2;
+------+--------+--------+------+
| id   | name   | sex    | age  |
+------+--------+--------+------+
|    1 | 张三   | female |   18 |
|    3 | 王五   | male   |   30 |
|    4 | 赵六   | female |   40 |
+------+--------+--------+------+
3 rows in set (0.00 sec)

mysql> select * from leco where id!=2;
+------+--------+--------+------+
| id   | name   | sex    | age  |
+------+--------+--------+------+
|    1 | 张三   | female |   18 |
|    3 | 王五   | male   |   30 |
|    4 | 赵六   | female |   40 |
+------+--------+--------+------+
3 rows in set (0.00 sec)

mysql> select * from leco where id>=2;
+------+--------+--------+------+
| id   | name   | sex    | age  |
+------+--------+--------+------+
|    2 | 李四   | male   |   20 |
|    3 | 王五   | male   |   30 |
|    4 | 赵六   | female |   40 |
+------+--------+--------+------+
3 rows in set (0.00 sec)

mysql> select * from leco where id<=2;
+------+--------+--------+------+
| id   | name   | sex    | age  |
+------+--------+--------+------+
|    1 | 张三   | female |   18 |
|    2 | 李四   | male   |   20 |
+------+--------+--------+------+
2 rows in set (0.00 sec)
```
